Column,Unnamed: 0,Missing,Missing_p,Count,Type,Distinct,Most Popular,Mean,Std,Min,Max,Feat_type,T-stat,P-value,significance,Chi-square,D.Freedom,stage,class,In use
number_of_jobs_had,1.0,51661.0,0.9,5576.0,Int32,27.0,1,5.034791966,3.856605779,0,31,numerical,,,No,,,1.0,interaction ,False
previous_position,2.0,0.0,0.0,57237.0,string,2486.0,,,,,,categorical,,,,,,1.0,contact,True
number_of_educational_degrees,3.0,0.0,0.0,57237.0,Int32,5.0,0,0.140154096,0.557913167,0,4,numerical,-5.034211983,4.81e-07,No,,,1.0,contact,True
years_of_education,4.0,53248.0,0.93,3989.0,Int32,13.0,18,17.77463023,1.705527666,9,24,numerical,,,No,,,1.0,contact,False
max_education_school,5.0,53252.0,0.93,3985.0,string,926.0,sapienza universitÃ  di roma,,,,,categorical,,,,,,1.0,contact,False
current_company_size,6.0,53286.0,0.93,3951.0,Int32,1330.0,1,17383.29613,78128.12811,0,770241,numerical,,,No,,,1.0,contact,False
current_company_industry,7.0,53358.0,0.93,3879.0,string,213.0,it services and it consulting,,,,,categorical,,,,,,1.0,contact,False
compare_date,,,,,,,,,,,,,,,,,,,,
compare_date_epoch,,,,,,,,,,,,,,,,,,,,
hs_analytics_num_page_views,9.0,0.0,0.0,57237.0,Int32,103.0,0,0.797368835,8.457872364,0,447,numerical,-11.99355121,4.21e-33,No,,,1.0,interaction ,True
hs_analytics_num_visits,10.0,0.0,0.0,57237.0,Int32,61.0,0,0.54145046,3.927341946,0,210,numerical,-12.04951615,2.1400000000000002e-33,No,,,1.0,interaction ,True
hs_analytics_num_event_completions,11.0,0.0,0.0,57237.0,Int32,4.0,0,0.010045949,0.121377093,0,3,numerical,-39.33629758,0.0,No,,,1.0,interaction ,True
hs_analytics_last_referrer,12.0,52039.0,0.91,5198.0,string,232.0,https://www.facebook.com/,,,,,categorical,,,,,,,interaction ,False
hs_analytics_first_referrer,13.0,52648.0,0.92,4589.0,string,146.0,https://www.facebook.com/,,,,,categorical,,,,,,,interaction ,False
hs_email_bounce,14.0,0.0,0.0,57237.0,Int32,2.0,0,0.000559079,0.023638446,0,1,numerical,-2.837728926,0.004545172,No,,,1.0,interaction ,True
hs_email_click,15.0,0.0,0.0,57237.0,Int32,40.0,0,0.236088544,1.80784555,0,87,numerical,-8.608923498,7.56e-18,No,,,1.0,interaction ,True
hs_email_open,16.0,0.0,0.0,57237.0,Int32,123.0,0,1.40353268,9.547894327,0,518,numerical,-5.711564376,1.12e-08,No,,,1.0,interaction ,True
hs_email_replied,17.0,0.0,0.0,57237.0,int32,5.0,0,0.009504342,0.122637692,0,4,numerical,-8.551636054,1.24e-17,No,,,1.0,interaction ,True
hs_email_sends_since_last_engagement,18.0,0.0,0.0,57237.0,Int32,36.0,0,0.404808079,2.246593763,0,43,numerical,3.754817386,0.000173639,No,,,1.0,interaction ,True
hs_email_last_open_date,19.0,52415.0,0.92,4822.0,datetime64[ns],3419.0,25:52.5,,,,,date,,,,,,1.0,interaction ,False
hs_email_last_click_date,20.0,53991.0,0.94,3246.0,datetime64[ns],2039.0,22:00.1,,,,,date,,,,,,1.0,interaction ,False
hs_sales_email_last_replied,21.0,56377.0,0.98,860.0,datetime64[ns],391.0,04/04/2024 16:34,,,,,date,,,,,,1.0,interaction ,False
hs_sales_email_last_clicked,22.0,56508.0,0.99,729.0,datetime64[ns],327.0,12:03.4,,,,,date,,,,,,1.0,interaction ,False
hs_sales_email_last_opened,23.0,56057.0,0.98,1180.0,datetime64[ns],558.0,49:36.8,,,,,date,,,,,,1.0,interaction ,False
num_conversion_events,24.0,0.0,0.0,57237.0,Int32,28.0,0,0.349721334,1.739110706,0,51,numerical,-12.22636653,2.48e-34,No,,,1.0,interaction ,True
num_unique_conversion_events,25.0,0.0,0.0,57237.0,Int32,23.0,0,0.307475933,1.447763372,0,28,numerical,-9.458961103,3.220000000000001e-21,No,,,1.0,interaction ,True
hs_predictivecontactscore,,,,,,,,,,,,,,,,,,,,
hs_predictivecontactscorebucket,,,,,,,,,,,,,,,,,,,,
hs_predictivecontactscore_v2,26.0,52268.0,0.91,4969.0,float64,1229.0,1.06,6.514101429,9.353047068,0.27,81.01,numerical,,,No,,,1.0,interaction ,False
hs_social_last_engagement,27.0,57173.0,1.0,64.0,datetime64[ns],17.0,36:00.9,,,,,date,,,,,,1.0,interaction ,False
hs_social_num_broadcast_clicks,28.0,0.0,0.0,57237.0,Int32,2.0,0,0.000104827,0.010238073,0,1,numerical,0.459919776,0.645575552,Yes,,,1.0,interaction ,True
hs_last_sales_activity_date,29.0,54358.0,0.95,2879.0,datetime64[ns],1561.0,37:28.5,,,,,date,,,,,,1.0,interaction ,False
course_id,30.0,0.0,0.0,57237.0,Int64,128.0,7630797209,8007767417.0,2525072322.0,4563140897,13068540521,numerical,3.350308587,0.000807737,No,,,1.0,,True
class_size,32.0,0.0,0.0,57237.0,Int32,14.0,30,31.25328022,6.618062328,5,65,numerical,4.777603957,1.78e-06,No,,,1.0,class,True
tuition_fee_amount,33.0,0.0,0.0,57237.0,float64,59.0,2900,2988.838473,2086.805619,0,10500,numerical,8.545245341,1.31e-17,No,,,1.0,class,True
sku_tuition,34.0,191.0,0.0,57046.0,string,124.0,ITDMFT1815,,,,,categorical,,,,,,1.0,class,True
amount,39.0,0.0,0.0,57237.0,float64,275.0,0.0232,0.023995072,0.018657772,0,1,numerical,5.948651038,2.72e-09,No,,,1.0,class,True
num_associated_courses,40.0,0.0,0.0,57237.0,Int32,2.0,1,1.036514842,0.187568981,1,2,numerical,-9.447916226,3.58e-21,No,,,1.0,interaction ,True
motivation,41.0,0.0,0.0,57237.0,Float64,10.0,0,0.201381973,0.855261254,0,5,numerical,-49.66317322,0.0,No,,,2.0,contact,True
italian_region,42.0,0.0,0.0,57237.0,string,143.0,,,,,,categorical,,,,,,0.0,contact,False
is_referred,43.0,0.0,0.0,57237.0,boolean,2.0,FALSE,0.001065744,0.032628622,FALSE,TRUE,numerical,,,,,,3.0,contact,True
review_analysis,44.0,0.0,0.0,57237.0,int32,2.0,0,0.00272551,0.052135677,0,1,numerical,-23.40225814,1.4999999999999999e-120,No,,,3.0,interaction ,True
interview_canceled,46.0,0.0,0.0,57237.0,Int64,4.0,0,0.03347485,0.184098734,0,3,numerical,4.16218757,3.16e-05,No,,,2.0,interaction ,True
interview_done,47.0,0.0,0.0,57237.0,Int64,4.0,0,0.07254049,0.262130134,0,3,numerical,-46.17060807,0.0,No,,,2.0,interaction ,True
CONFIRMED,,,,,,,,,,,,,,,,,,,,
interview_deleted,48.0,0.0,0.0,57237.0,Int64,8.0,0,0.019061097,0.152906723,0,10,numerical,-0.429556614,0.66751982,Yes,,,2.0,interaction ,True
interview_no_show,50.0,0.0,0.0,57237.0,Int64,4.0,0,0.040463337,0.204271892,0,3,numerical,6.643772865,3.08e-11,No,,,2.0,interaction ,True
interview_scheduled,51.0,0.0,0.0,57237.0,Int64,3.0,0,0.017768227,0.135245905,0,2,numerical,-3.471523065,0.000517896,No,,,2.0,interaction ,True
n_calls,53.0,0.0,0.0,57237.0,float64,18.0,0,0.328948058,1.017738456,0,18,numerical,-6.906965444,5e-12,No,,,2.0,interaction ,True
n_calls_positive_outcome,54.0,0.0,0.0,57237.0,float64,11.0,0,0.111745899,0.480511113,0,11,numerical,-9.610362123,7.51e-22,No,,,2.0,interaction ,True
n_calls_negative_outcome,55.0,0.0,0.0,57237.0,float64,16.0,0,0.217202159,0.776378126,0,17,numerical,-3.107500847,0.001887688,No,,,2.0,interaction ,True
n_inbound_calls,56.0,0.0,0.0,57237.0,float64,12.0,0,0.026888202,0.239738712,0,11,numerical,-4.864873839,1.15e-06,No,,,2.0,interaction ,True
n_outbound_calls,57.0,0.0,0.0,57237.0,float64,16.0,0,0.302059856,0.920172199,0,17,numerical,-6.371173647,1.89e-10,No,,,2.0,interaction ,True
total_call_duration,58.0,0.0,0.0,57237.0,Int64,801.0,0,17556.10881,98300.52637,0,3395000,numerical,-17.45545025,4.7e-68,No,,,2.0,interaction ,True
target,59.0,0.0,0.0,57237.0,int64,2.0,0,0.0340514,0.181362833,0,1,numerical,#NAME?,0.0,No,,,0.0,,False
brand_awareness_boolean,60.0,0.0,0.0,57237.0,bool,2.0,FALSE,0.006097454,0.077848451,FALSE,TRUE,numerical,,,,,,,interaction ,False
motivation_boolean,61.0,0.0,0.0,57237.0,bool,2.0,FALSE,0.055803064,0.229543031,FALSE,TRUE,numerical,,,,,,2.0,contact,True
current_position_boolean,62.0,0.0,0.0,57237.0,bool,2.0,FALSE,0.093278823,0.290825312,FALSE,TRUE,numerical,,,,,,1.0,contact,True
region_enrichment_boolean,63.0,0.0,0.0,57237.0,bool,2.0,FALSE,0.079459091,0.270456322,FALSE,TRUE,numerical,,,,,,1.0,contact,True
is_employed_boolean,64.0,0.0,0.0,57237.0,bool,2.0,FALSE,0.093348708,0.290923023,FALSE,TRUE,numerical,,,,,,1.0,contact,True
current_company_boolean,65.0,0.0,0.0,57237.0,bool,2.0,FALSE,0.069028775,0.253505278,FALSE,TRUE,numerical,,,,,,1.0,contact,True
years_of_experience_enrichment_boolean,66.0,0.0,0.0,57237.0,bool,2.0,FALSE,0.093278823,0.290825312,FALSE,TRUE,numerical,,,,,,1.0,contact,True
feat_init_educational_level,67.0,53252.0,0.93,3985.0,string,7.0,master's degree,,,,,categorical,,,,,,1.0,contact,False
feat_final_educational_level,68.0,53185.0,0.93,4052.0,string,12.0,master's degree,,,,,categorical,,,,,,3.0,contact,False
max_education_level_boolean,69.0,0.0,0.0,57237.0,bool,2.0,FALSE,0.069622796,0.254512464,FALSE,TRUE,numerical,,,,,,1.0,contact,True
feat_init_education_field,70.0,53248.0,0.93,3989.0,string,34.0,Business and Economics,,,,,categorical,,,,,,1.0,contact,False
feat_final_education_field,71.0,0.0,0.0,57237.0,string,45.0,,,,,,categorical,,,,,,3.0,contact,True
max_education_field_of_study_boolean,72.0,0.0,0.0,57237.0,bool,2.0,FALSE,0.069692681,0.254630604,FALSE,TRUE,numerical,,,,,,1.0,contact,True
feat_init_jobtitle,,,,,,,,,,,,,,,,,,,,
feat_final_jobtitle,,,,,,,,,,,,,,,,,,,,
feat_init_country_name,75.0,51661.0,0.9,5576.0,string,72.0,italy,,,,,categorical,,,,,,1.0,contact,False
feat_final_country_name,76.0,51661.0,0.9,5576.0,object,73.0,italy,,,,,categorical,,,,,,3.0,contact,False
country_enrichment_boolean,77.0,0.0,0.0,57237.0,bool,2.0,FALSE,0.097419501,0.296530738,FALSE,TRUE,numerical,,,,,,1.0,contact,True
feat_init_currently_employed,78.0,51894.0,0.91,5343.0,boolean,2.0,TRUE,0.878345499,0.326916941,FALSE,TRUE,numerical,,,,,,1.0,contact,False
feat_final_currently_employed,79.0,51890.0,0.91,5347.0,boolean,2.0,TRUE,0.87432205,0.331517054,FALSE,TRUE,numerical,,,,,,3.0,contact,False
feat_init_company,80.0,53286.0,0.93,3951.0,string,2440.0,Accenture,,,,,categorical,,,,,,1.0,contact,False
feat_final_company,81.0,53221.0,0.93,4016.0,string,2486.0,accenture,,,,,categorical,,,,,,3.0,contact,False
feat_init_years_of_topic_experience,82.0,0.0,0.0,57237.0,int32,10.0,0,0.28228244,1.175852525,0,9,numerical,-4.368269637,1.25e-05,No,,,1.0,contact,True
feat_final_years_of_topic_experience,83.0,0.0,0.0,57237.0,int32,10.0,0,0.268794661,1.14479984,0,9,numerical,1.728984538,0.083817255,Yes,,,3.0,,True
combined_profile,84.0,0.0,0.0,57237.0,float64,16.0,0,0.410407603,1.72502379,0,10,numerical,-47.9659579,0.0,No,,,,interaction ,False
combined_profile_boolean,85.0,0.0,0.0,57237.0,bool,2.0,FALSE,0.056135018,0.230184281,FALSE,TRUE,numerical,,,,,,,interaction ,False
intake_Fall,86.0,0.0,0.0,57237.0,float64,2.0,0,0.352778797,0.477838787,0,1,numerical,-3.204513109,0.001353653,No,,,1.0,class,True
intake_Spring,87.0,0.0,0.0,57237.0,float64,2.0,0,0.313084194,0.463752346,0,1,numerical,-1.977940112,0.047940251,No,,,1.0,class,True
intake_Summer,88.0,0.0,0.0,57237.0,float64,2.0,0,0.00401838,0.063263752,0,1,numerical,-0.425567073,0.670424938,Yes,,,1.0,class,True
intake_Winter,89.0,0.0,0.0,57237.0,float64,2.0,0,0.33011863,0.470259698,0,1,numerical,5.264896369,1.41e-07,No,,,1.0,class,True
source_of_awareness_onboarding_event,90.0,0.0,0.0,57237.0,float64,2.0,0,0.000174712,0.013216834,0,1,numerical,-4.638367709,3.52e-06,No,,,3.0,interaction ,True
source_of_awareness_onboarding_facebook,91.0,0.0,0.0,57237.0,float64,2.0,0,5.24e-05,0.007239601,0,1,numerical,-6.043633569,1.52e-09,No,,,3.0,interaction ,True
source_of_awareness_onboarding_google,92.0,0.0,0.0,57237.0,float64,2.0,0,0.000384367,0.019601677,0,1,numerical,-10.88809512,1.4000000000000002e-27,No,,,3.0,interaction ,True
source_of_awareness_onboarding_instagram,93.0,0.0,0.0,57237.0,float64,2.0,0,0.000594021,0.024365526,0,1,numerical,-19.78161323,8.37e-87,No,,,3.0,interaction ,True
source_of_awareness_onboarding_linkedin,94.0,0.0,0.0,57237.0,float64,2.0,0,0.000524136,0.022888227,0,1,numerical,-11.06640625,1.95e-28,No,,,3.0,interaction ,True
source_of_awareness_onboarding_others,95.0,0.0,0.0,57237.0,float64,2.0,0,0.00071632,0.026754799,0,1,numerical,-16.92928208,3.9200000000000004e-64,No,,,3.0,interaction ,True
source_of_awareness_onboarding_tiktok,,,,,,,,,,,,,,,,,,3.0,interaction ,True
source_of_awareness_onboarding_unknown,96.0,0.0,0.0,57237.0,float64,2.0,1,0.995789437,0.064752664,0,1,numerical,38.86926277,0.0,No,,,3.0,interaction ,True
source_of_awareness_onboarding_word_of_mouth,97.0,0.0,0.0,57237.0,float64,2.0,0,0.001764593,0.041970345,0,1,numerical,-23.48350249,2.26e-121,No,,,3.0,interaction ,True
source_of_awareness_onboarding_youtube,,,,,,,,,,,,,,,,,,3.0,interaction ,True
current_position_job_type__NA_,,,,,,,,,,,,,,,,,,1.0,contact,True
current_position_job_type_False,99.0,0.0,0.0,57237.0,float64,2.0,0,0.079686217,0.270809167,0,1,numerical,-2.101431579,0.035607458,No,,,1.0,contact,True
current_position_job_type_True,100.0,0.0,0.0,57237.0,float64,2.0,0,0.013662491,0.116086445,0,1,numerical,-3.449227512,0.000562597,No,,,1.0,contact,True
previous_position_job_type__NA_,,,,,,,,,,,,,,,,,,1.0,contact,True
previous_position_job_type_False,102.0,0.0,0.0,57237.0,float64,2.0,0,0.091112392,0.287771387,0,1,numerical,-2.516649835,0.011850362,No,,,1.0,contact,True
previous_position_job_type_True,103.0,0.0,0.0,57237.0,float64,2.0,0,0.006307109,0.079167158,0,1,numerical,-1.37044167,0.170554447,Yes,,,1.0,contact,True
delivery_format_blended,104.0,0.0,0.0,57237.0,float64,2.0,1,0.694707969,0.460535028,0,1,numerical,11.7236001,1.05e-31,No,,,1.0,class,True
delivery_format_offline,105.0,0.0,0.0,57237.0,float64,2.0,0,0.003267117,0.057065754,0,1,numerical,-8.337787251,7.74e-17,No,,,1.0,class,True
delivery_format_online,106.0,0.0,0.0,57237.0,float64,2.0,0,0.302024914,0.45914001,0,1,numerical,-10.7202119,8.68e-27,No,,,1.0,class,True
type_Full_Time,,,,,,,,,,,,,,,,,,1.0,class,True
type_Masterclass,108.0,0.0,0.0,57237.0,float64,2.0,0,0.145412932,0.352519762,0,1,numerical,-16.7508151,7.89e-63,No,,,1.0,class,True
type_Part_Time,,,,,,,,,,,,,,,,,,1.0,class,True
current_company_location__NA_,,,,,,,,,,,,,,,,,,1.0,contact,True
current_company_location_germany,111.0,0.0,0.0,57237.0,float64,2.0,0,0.001030802,0.03208983,0,1,numerical,-0.711716676,0.47664314,Yes,,,1.0,contact,True
current_company_location_italy,112.0,0.0,0.0,57237.0,float64,2.0,0,0.049792966,0.217518857,0,1,numerical,-3.915887618,9.02e-05,No,,,1.0,contact,True
current_company_location_united_states,,,,,,,,,,,,,,,,,,1.0,contact,True
current_company_location_worldwide,114.0,0.0,0.0,57237.0,float64,2.0,0,0.000262068,0.016186542,0,1,numerical,0.727256217,0.467071988,Yes,,,1.0,contact,True
hs_last_sales_activity_type__NA_,,,,,,,,,,,,,,,,,,1.0,interaction ,True
hs_last_sales_activity_type_EMAIL_CLICK,116.0,0.0,0.0,57237.0,float64,2.0,0,0.001397697,0.03735998,0,1,numerical,-2.637906255,0.00834422,No,,,1.0,interaction ,True
hs_last_sales_activity_type_EMAIL_OPEN,117.0,0.0,0.0,57237.0,float64,2.0,0,0.009696525,0.097993215,0,1,numerical,-15.57927732,1.2999999999999999e-54,No,,,1.0,interaction ,True
hs_last_sales_activity_type_EMAIL_REPLY,118.0,0.0,0.0,57237.0,float64,2.0,0,0.002708039,0.051968762,0,1,numerical,-17.21673302,2.92e-66,No,,,1.0,interaction ,True
hs_last_sales_activity_type_FORM_SUBMITTED,119.0,0.0,0.0,57237.0,float64,2.0,0,0.023673498,0.152031139,0,1,numerical,-3.010939818,0.00260554,No,,,1.0,interaction ,True
hs_last_sales_activity_type_MEETING_BOOKED,120.0,0.0,0.0,57237.0,float64,2.0,0,0.012561804,0.111374244,0,1,numerical,4.239252942,2.25e-05,No,,,1.0,interaction ,True
hs_sa_first_engagement_object_type__NA_,,,,,,,,,,,,,,,,,,1.0,interaction ,True
hs_sa_first_engagement_object_type_CALL,122.0,0.0,0.0,57237.0,float64,2.0,0,0.008525953,0.091942424,0,1,numerical,-1.850709647,0.064216485,Yes,,,1.0,interaction ,True
hs_sa_first_engagement_object_type_CONVERSATION_SESSION,123.0,0.0,0.0,57237.0,float64,2.0,0,0.000104827,0.010238073,0,1,numerical,-1.79123266,0.073261249,Yes,,,1.0,interaction ,True
hs_sa_first_engagement_object_type_EMAIL,124.0,0.0,0.0,57237.0,float64,2.0,0,0.002917693,0.053937288,0,1,numerical,-6.973543478,3.12e-12,No,,,1.0,interaction ,True
hs_sa_first_engagement_object_type_MEETING_EVENT,125.0,0.0,0.0,57237.0,float64,2.0,0,0.010727327,0.103016681,0,1,numerical,-6.510984347,7.53e-11,No,,,1.0,interaction ,True
hs_sa_first_engagement_object_type_TASK,126.0,0.0,0.0,57237.0,float64,2.0,0,0.000122299,0.011058286,0,1,numerical,-1.587394499,0.112428848,Yes,,,1.0,interaction ,True
hs_predictivescoringtier_tier_0,,,,,,,,,,,,,,,,,,1.0,interaction ,True
hs_predictivescoringtier_tier_1,,,,,,,,,,,,,,,,,,1.0,interaction ,True
hs_predictivescoringtier_tier_2,,,,,,,,,,,,,,,,,,1.0,interaction ,True
hs_predictivescoringtier_tier_3,,,,,,,,,,,,,,,,,,1.0,interaction ,True
hs_predictivescoringtier_tier_4,,,,,,,,,,,,,,,,,,1.0,interaction ,True
hs_predictivescoringtier_tier_5,,,,,,,,,,,,,,,,,,1.0,interaction ,True
vertical_name_Career_DHR,,,,,,,,,,,,,,,,,,1.0,contact,True
vertical_name_Data,134.0,0.0,0.0,57237.0,float64,2.0,0,0.141918689,0.348969773,0,1,numerical,5.456522452,4.88e-08,No,,,1.0,contact,True
vertical_name_Deep_Cybersecurity,,,,,,,,,,,,,,,,,,1.0,contact,True
vertical_name_Design,136.0,0.0,0.0,57237.0,float64,2.0,0,0.164596328,0.370819065,0,1,numerical,-11.71101695,1.2200000000000001e-31,No,,,1.0,contact,True
vertical_name_Digital_Marketing,,,,,,,,,,,,,,,,,,1.0,contact,True
vertical_name_Digital_Product_Management,,,,,,,,,,,,,,,,,,1.0,contact,True
vertical_name_GEDI_DT,,,,,,,,,,,,,,,,,,1.0,contact,True
hs_analytics_source__NA_,,,,,,,,,,,,,,,,,,1.0,interaction ,True
hs_analytics_source_DIRECT_TRAFFIC,141.0,0.0,0.0,57237.0,float64,2.0,0,0.011845485,0.108191375,0,1,numerical,-11.9254148,9.54e-33,No,,,1.0,interaction ,True
hs_analytics_source_EMAIL_MARKETING,142.0,0.0,0.0,57237.0,float64,2.0,0,0.000297011,0.017231589,0,1,numerical,-0.563250283,0.573266674,Yes,,,1.0,interaction ,True
hs_analytics_source_OFFLINE,143.0,0.0,0.0,57237.0,float64,2.0,0,0.009644111,0.097730596,0,1,numerical,-4.52943276,5.93e-06,No,,,1.0,interaction ,True
hs_analytics_source_ORGANIC_SEARCH,144.0,0.0,0.0,57237.0,float64,2.0,0,0.005101595,0.071243649,0,1,numerical,-6.166882756,7.01e-10,No,,,1.0,interaction ,True
hs_analytics_source_OTHER_CAMPAIGNS,145.0,0.0,0.0,57237.0,float64,2.0,0,0.004822056,0.069274002,0,1,numerical,-0.532912655,0.594096114,Yes,,,1.0,interaction ,True
hs_analytics_source_PAID_SEARCH,146.0,0.0,0.0,57237.0,float64,2.0,0,0.001712179,0.041343409,0,1,numerical,-1.484500836,0.137681609,Yes,,,1.0,interaction ,True
hs_analytics_source_PAID_SOCIAL,147.0,0.0,0.0,57237.0,float64,2.0,0,0.062267414,0.241642719,0,1,numerical,6.044881263,1.5e-09,No,,,1.0,interaction ,True
hs_analytics_source_REFERRALS,148.0,0.0,0.0,57237.0,float64,2.0,0,0.000489194,0.022112514,0,1,numerical,0.993738022,0.320354628,Yes,,,1.0,interaction ,True
hs_analytics_source_SOCIAL_MEDIA,149.0,0.0,0.0,57237.0,float64,2.0,0,0.001240456,0.035198569,0,1,numerical,-1.036084204,0.300167238,Yes,,,1.0,interaction ,True
hs_latest_source__NA_,,,,,,,,,,,,,,,,,,1.0,interaction ,True
hs_latest_source_DIRECT_TRAFFIC,151.0,0.0,0.0,57237.0,float64,2.0,0,0.018135122,0.133441189,0,1,numerical,-19.17269669,1.13e-81,No,,,1.0,interaction ,True
hs_latest_source_EMAIL_MARKETING,152.0,0.0,0.0,57237.0,float64,2.0,0,0.012142495,0.109522895,0,1,numerical,-3.22709066,0.001251262,No,,,1.0,interaction ,True
hs_latest_source_OFFLINE,153.0,0.0,0.0,57237.0,float64,2.0,0,0.001100687,0.033158624,0,1,numerical,-4.069947886,4.71e-05,No,,,1.0,interaction ,True
hs_latest_source_ORGANIC_SEARCH,154.0,0.0,0.0,57237.0,float64,2.0,0,0.004647344,0.068013429,0,1,numerical,-2.01368055,0.044047754,No,,,1.0,interaction ,True
hs_latest_source_OTHER_CAMPAIGNS,155.0,0.0,0.0,57237.0,float64,2.0,0,0.00431539,0.065550308,0,1,numerical,2.605693267,0.009171226,No,,,1.0,interaction ,True
hs_latest_source_PAID_SEARCH,156.0,0.0,0.0,57237.0,float64,2.0,0,0.001030802,0.03208983,0,1,numerical,1.442914998,0.14904989,Yes,,,1.0,interaction ,True
hs_latest_source_PAID_SOCIAL,157.0,0.0,0.0,57237.0,float64,2.0,0,0.051784685,0.221593973,0,1,numerical,9.464424812,3.060000000000001e-21,No,,,1.0,interaction ,True
hs_latest_source_REFERRALS,158.0,0.0,0.0,57237.0,float64,2.0,0,0.000663906,0.025758048,0,1,numerical,-4.211374363,2.54e-05,No,,,1.0,interaction ,True
hs_latest_source_SOCIAL_MEDIA,159.0,0.0,0.0,57237.0,float64,2.0,0,0.003599071,0.059884722,0,1,numerical,2.314853385,0.020624477,No,,,1.0,interaction ,True
deal_cooking_state_1,160.0,0.0,0.0,57237.0,float64,2.0,0,0.002253787,0.047420951,0,1,numerical,1.162850293,0.244895096,Yes,,,2.0,interaction ,True
deal_cooking_state_2,161.0,0.0,0.0,57237.0,float64,2.0,0,0.016929608,0.129008866,0,1,numerical,-49.24655093,0.0,No,,,2.0,interaction ,True
deal_cooking_state_3,162.0,0.0,0.0,57237.0,float64,2.0,0,0.458951378,0.498316515,0,1,numerical,32.27107362,1.94e-226,No,,,2.0,interaction ,True
deal_cooking_state__NA_,,,,,,,,,,,,,,,,,,2.0,interaction ,True
deal_cooking_state_Closed_Lost_Fleeting_Interest,,,,,,,,,,,,,,,,,,2.0,interaction ,True
deal_cooking_state_Closed_Lost_Budget,,,,,,,,,,,,,,,,,,2.0,interaction ,True
deal_cooking_state_Closed_Lost_Certification,,,,,,,,,,,,,,,,,,2.0,interaction ,True
deal_cooking_state_Closed_Lost_Experience,,,,,,,,,,,,,,,,,,2.0,interaction ,True
deal_cooking_state_Closed_Lost_Format_Time_schedule,,,,,,,,,,,,,,,,,,2.0,interaction ,True
deal_cooking_state_Closed_Lost_Too_Expensive,,,,,,,,,,,,,,,,,,2.0,interaction ,True
deal_cooking_state_Closed_Lost_Topic,,,,,,,,,,,,,,,,,,2.0,interaction ,True
industry_enrichment_3D_Printing,,,,,,,,,,,,,,,,,,1.0,contact,True
industry_enrichment__NA_,,,,,,,,,,,,,,,,,,1.0,contact,True
industry_enrichment_Accounting_and_Finance,,,,,,,,,,,,,,,,,,1.0,contact,True
industry_enrichment_Advertising_and_Marketing,,,,,,,,,,,,,,,,,,1.0,contact,True
industry_enrichment_Aerospace_and_Aviation,,,,,,,,,,,,,,,,,,1.0,contact,True
industry_enrichment_Aerospace_and_Defense,,,,,,,,,,,,,,,,,,1.0,contact,True
industry_enrichment_Aerospace_and_Defense_,,,,,,,,,,,,,,,,,,1.0,contact,True
industry_enrichment_Agriculture_Technology_AgTech_,,,,,,,,,,,,,,,,,,1.0,contact,True
industry_enrichment_Agriculture_and_Farming,,,,,,,,,,,,,,,,,,1.0,contact,True
industry_enrichment_Architectural_and_Engineering,,,,,,,,,,,,,,,,,,1.0,contact,True
industry_enrichment_Architecture_and_Engineering,,,,,,,,,,,,,,,,,,1.0,contact,True
industry_enrichment_Artificial_Intelligence_and_Machine_Learning,,,,,,,,,,,,,,,,,,1.0,contact,True
industry_enrichment_Arts_and_Crafts,,,,,,,,,,,,,,,,,,1.0,contact,True
industry_enrichment_Arts_and_Culture,,,,,,,,,,,,,,,,,,1.0,contact,True
industry_enrichment_Augmented_Reality_AR_and_Virtual_Reality_VR_,,,,,,,,,,,,,,,,,,1.0,contact,True
industry_enrichment_Automotive,178.0,0.0,0.0,57237.0,float64,2.0,0,0.001485053,0.038508102,0,1,numerical,1.732313359,0.083223172,Yes,,,1.0,contact,True
industry_enrichment_Banking_and_Finance,,,,,,,,,,,,,,,,,,1.0,contact,True
industry_enrichment_Biotechnology,180.0,0.0,0.0,57237.0,float64,2.0,0,0.000227126,0.015069114,0,1,numerical,0.677026444,0.498391913,Yes,,,1.0,contact,True
industry_enrichment_Chemicals,181.0,0.0,0.0,57237.0,float64,2.0,0,0.000611493,0.02472103,0,1,numerical,0.178810576,0.858087073,Yes,,,1.0,contact,True
industry_enrichment_Communication,,,,,,,,,,,,,,,,,,1.0,contact,True
industry_enrichment_Communications,182.0,0.0,0.0,57237.0,float64,2.0,0,0.001065744,0.032628622,0,1,numerical,1.467193935,0.142328801,Yes,,,1.0,contact,True
industry_enrichment_Construction_and_Real_Estate,,,,,,,,,,,,,,,,,,1.0,contact,True
industry_enrichment_Consulting,184.0,0.0,0.0,57237.0,float64,2.0,0,0.002760452,0.052467896,0,1,numerical,-0.711547758,0.476747767,Yes,,,1.0,contact,True
industry_enrichment_Consumer_Goods,,,,,,,,,,,,,,,,,,1.0,contact,True
industry_enrichment_Cosmetics,186.0,0.0,0.0,57237.0,float64,2.0,0,1.75e-05,0.004179858,0,1,numerical,0.187752972,0.851070969,Yes,,,1.0,contact,True
industry_enrichment_Crafts,,,,,,,,,,,,,,,,,,1.0,contact,True
industry_enrichment_Cryptocurrency_and_Blockchain,,,,,,,,,,,,,,,,,,1.0,contact,True
industry_enrichment_Customer_Service_Ambassador,,,,,,,,,,,,,,,,,,1.0,contact,True
industry_enrichment_Cybersecurity,189.0,0.0,0.0,57237.0,float64,2.0,0,0.000454252,0.021308524,0,1,numerical,-0.124018223,0.901301282,Yes,,,1.0,contact,True
industry_enrichment_Design_and_Creative_Services,,,,,,,,,,,,,,,,,,1.0,contact,True
industry_enrichment_Design_and_User_Experience,,,,,,,,,,,,,,,,,,1.0,contact,True
industry_enrichment_E_commerce,,,,,,,,,,,,,,,,,,1.0,contact,True
industry_enrichment_Education,193.0,0.0,0.0,57237.0,float64,2.0,0,0.003249646,0.056913466,0,1,numerical,0.540022755,0.589183441,Yes,,,1.0,contact,True
industry_enrichment_Education_and_E_Learning,,,,,,,,,,,,,,,,,,1.0,contact,True
industry_enrichment_Electronics,195.0,0.0,0.0,57237.0,float64,2.0,0,1.75e-05,0.004179858,0,1,numerical,0.187752972,0.851070969,Yes,,,1.0,contact,True
industry_enrichment_Energy,196.0,0.0,0.0,57237.0,float64,2.0,0,0.001240456,0.035198569,0,1,numerical,-0.38130573,0.702977817,Yes,,,1.0,contact,True
industry_enrichment_Energy_including_Oil_and_Gas_Renewable_Energy_,,,,,,,,,,,,,,,,,,1.0,contact,True
industry_enrichment_Entertainment_and_Media,,,,,,,,,,,,,,,,,,1.0,contact,True
industry_enrichment_Entrepreneurship,,,,,,,,,,,,,,,,,,1.0,contact,True
industry_enrichment_Entrepreneurship_and_Startups,,,,,,,,,,,,,,,,,,1.0,contact,True
industry_enrichment_Environmental_Services,,,,,,,,,,,,,,,,,,1.0,contact,True
industry_enrichment_Event_Management,,,,,,,,,,,,,,,,,,1.0,contact,True
industry_enrichment_Event_and_Media,,,,,,,,,,,,,,,,,,1.0,contact,True
industry_enrichment_Exhibition_and_Event_Services,,,,,,,,,,,,,,,,,,1.0,contact,True
industry_enrichment_Fashion_and_Apparel,,,,,,,,,,,,,,,,,,1.0,contact,True
industry_enrichment_Financial_Technology_FinTech_,,,,,,,,,,,,,,,,,,1.0,contact,True
industry_enrichment_Food_and_Beverage,,,,,,,,,,,,,,,,,,1.0,contact,True
industry_enrichment_Furniture_Manufacturing,,,,,,,,,,,,,,,,,,1.0,contact,True
industry_enrichment_Gambling_and_Betting_Activities,,,,,,,,,,,,,,,,,,1.0,contact,True
industry_enrichment_Gaming,206.0,0.0,0.0,57237.0,float64,2.0,0,0.000524136,0.022888227,0,1,numerical,0.021691388,0.982694209,Yes,,,1.0,contact,True
industry_enrichment_Government_and_Public_Administration,,,,,,,,,,,,,,,,,,1.0,contact,True
industry_enrichment_Graphic_Design_Artist_s_industry_can_be_aligned_with_various_sectors_but_without_specific_context_the_most_applicable_general_industry_would_be_Marketing_and_Advertising,,,,,,,,,,,,,,,,,,1.0,contact,True
industry_enrichment_Healthcare_and_Medical_Devices,,,,,,,,,,,,,,,,,,1.0,contact,True
industry_enrichment_Healthcare_and_Pharmaceuticals,,,,,,,,,,,,,,,,,,1.0,contact,True
industry_enrichment_Hospitality_and_Tourism,,,,,,,,,,,,,,,,,,1.0,contact,True
industry_enrichment_Human_Resources_and_Staffing,,,,,,,,,,,,,,,,,,1.0,contact,True
industry_enrichment_I_m_sorry_but_the_information_provided_does_not_give_enough_context_or_specific_details_to_determine_the_industry_accurately_Could_you_please_provide_more_specific_details_about_the_job_responsibilities_or_the_sector_they_worked_in_,,,,,,,,,,,,,,,,,,1.0,contact,True
industry_enrichment_IT,,,,,,,,,,,,,,,,,,1.0,contact,True
industry_enrichment_Information_Technology_IT_,,,,,,,,,,,,,,,,,,1.0,contact,True
industry_enrichment_Insurance,215.0,0.0,0.0,57237.0,float64,2.0,0,0.000908503,0.030127956,0,1,numerical,-0.175428143,0.860743849,Yes,,,1.0,contact,True
industry_enrichment_Interior_Design,,,,,,,,,,,,,,,,,,1.0,contact,True
industry_enrichment_International_Trade_and_Development,,,,,,,,,,,,,,,,,,1.0,contact,True
industry_enrichment_Internet_of_Things_IoT_,,,,,,,,,,,,,,,,,,1.0,contact,True
industry_enrichment_Language_Services,,,,,,,,,,,,,,,,,,1.0,contact,True
industry_enrichment_Legal_Services,,,,,,,,,,,,,,,,,,1.0,contact,True
industry_enrichment_Luxury_Goods,,,,,,,,,,,,,,,,,,1.0,contact,True
industry_enrichment_Manufacturing,223.0,0.0,0.0,57237.0,float64,2.0,0,0.002428499,0.049220359,0,1,numerical,-1.529703577,0.126095644,Yes,,,1.0,contact,True
industry_enrichment_Marine_and_Boat_Services,,,,,,,,,,,,,,,,,,1.0,contact,True
industry_enrichment_Maritime,,,,,,,,,,,,,,,,,,1.0,contact,True
industry_enrichment_Maritime_and_Naval,,,,,,,,,,,,,,,,,,1.0,contact,True
industry_enrichment_Marketing_and_Advertising,,,,,,,,,,,,,,,,,,1.0,contact,True
industry_enrichment_Media_and_Advertising,,,,,,,,,,,,,,,,,,1.0,contact,True
industry_enrichment_Media_and_Entertainment,,,,,,,,,,,,,,,,,,1.0,contact,True
industry_enrichment_Mining_and_Metals,,,,,,,,,,,,,,,,,,1.0,contact,True
industry_enrichment_Nanotechnology,229.0,0.0,0.0,57237.0,float64,2.0,0,5.24e-05,0.007239601,0,1,numerical,0.325203568,0.745028197,Yes,,,1.0,contact,True
industry_enrichment_No_industry_label_can_be_inferred_from_Disoccupato_inDissocupata_as_it_translates_to_Unemployed_in_English_which_is_not_associated_with_a_specific_industry_from_the_provided_list_,,,,,,,,,,,,,,,,,,1.0,contact,True
industry_enrichment_Nonprofit_and_Philanthropy,,,,,,,,,,,,,,,,,,1.0,contact,True
industry_enrichment_Oil_and_Gas,,,,,,,,,,,,,,,,,,1.0,contact,True
industry_enrichment_Packaging,,,,,,,,,,,,,,,,,,1.0,contact,True
industry_enrichment_Packaging_and_Container_Manufacturing,,,,,,,,,,,,,,,,,,1.0,contact,True
industry_enrichment_Packaging_and_Containers,,,,,,,,,,,,,,,,,,1.0,contact,True
industry_enrichment_Paper_and_Forest_Products,,,,,,,,,,,,,,,,,,1.0,contact,True
industry_enrichment_Pharmaceuticals_and_Biomedical_Research,,,,,,,,,,,,,,,,,,1.0,contact,True
industry_enrichment_Photography,236.0,0.0,0.0,57237.0,float64,2.0,0,8.74e-05,0.009346121,0,1,numerical,0.419843596,0.674601291,Yes,,,1.0,contact,True
industry_enrichment_Printing,,,,,,,,,,,,,,,,,,1.0,contact,True
industry_enrichment_Printing_and_Imaging,,,,,,,,,,,,,,,,,,1.0,contact,True
industry_enrichment_Printing_and_Publishing,,,,,,,,,,,,,,,,,,1.0,contact,True
industry_enrichment_Publishing,237.0,0.0,0.0,57237.0,float64,2.0,0,0.000279539,0.016717243,0,1,numerical,0.751113786,0.452587268,Yes,,,1.0,contact,True
industry_enrichment_Publishing_and_Journalism,,,,,,,,,,,,,,,,,,1.0,contact,True
industry_enrichment_Publishing_is_not_an_available_option_based_on_the_labels_you_provided_The_company_Press_di_typically_suggests_a_specialization_in_Press_and_Distribution_Given_the_options_the_most_closely_related_industry_to_this_context_is_Entertainment_and_Media_Please_confirm_if_this_aligns_with_the_industry_categories_list_,,,,,,,,,,,,,,,,,,1.0,contact,True
industry_enrichment_Real_Estate,,,,,,,,,,,,,,,,,,1.0,contact,True
industry_enrichment_Real_Estate_Photography,,,,,,,,,,,,,,,,,,1.0,contact,True
industry_enrichment_Real_Estate_and_Construction,,,,,,,,,,,,,,,,,,1.0,contact,True
industry_enrichment_Renewable_Energy,,,,,,,,,,,,,,,,,,1.0,contact,True
industry_enrichment_Research_and_Development,,,,,,,,,,,,,,,,,,1.0,contact,True
industry_enrichment_Retail,242.0,0.0,0.0,57237.0,float64,2.0,0,0.002323672,0.048148861,0,1,numerical,-0.225527409,0.82156981,Yes,,,1.0,contact,True
industry_enrichment_Security_Services,,,,,,,,,,,,,,,,,,1.0,contact,True
industry_enrichment_Security_and_Facilities_Management,,,,,,,,,,,,,,,,,,1.0,contact,True
industry_enrichment_Security_and_Surveillance,,,,,,,,,,,,,,,,,,1.0,contact,True
industry_enrichment_Semiconductor,244.0,0.0,0.0,57237.0,float64,2.0,0,5.24e-05,0.007239601,0,1,numerical,0.325203568,0.745028197,Yes,,,1.0,contact,True
industry_enrichment_Semiconductors,245.0,0.0,0.0,57237.0,float64,2.0,0,1.75e-05,0.004179858,0,1,numerical,0.187752972,0.851070969,Yes,,,1.0,contact,True
industry_enrichment_Shipbuilding,,,,,,,,,,,,,,,,,,1.0,contact,True
industry_enrichment_Social_Media,,,,,,,,,,,,,,,,,,1.0,contact,True
industry_enrichment_Social_Services,,,,,,,,,,,,,,,,,,1.0,contact,True
industry_enrichment_Space_Exploration,,,,,,,,,,,,,,,,,,1.0,contact,True
industry_enrichment_Sports_and_Recreation,,,,,,,,,,,,,,,,,,1.0,contact,True
industry_enrichment_Telecommunications,250.0,0.0,0.0,57237.0,float64,2.0,0,0.000908503,0.030127956,0,1,numerical,0.5895423,0.555499872,Yes,,,1.0,contact,True
industry_enrichment_Textiles_and_Apparel,,,,,,,,,,,,,,,,,,1.0,contact,True
industry_enrichment_Tobacco,252.0,0.0,0.0,57237.0,float64,2.0,0,1.75e-05,0.004179858,0,1,numerical,0.187752972,0.851070969,Yes,,,1.0,contact,True
industry_enrichment_Tourism_and_Hospitality,,,,,,,,,,,,,,,,,,1.0,contact,True
industry_enrichment_Toys_and_Games,,,,,,,,,,,,,,,,,,1.0,contact,True
industry_enrichment_Translation_and_Localization,,,,,,,,,,,,,,,,,,1.0,contact,True
industry_enrichment_Transportation_and_Logistics,,,,,,,,,,,,,,,,,,1.0,contact,True
industry_enrichment_Travel_Photography,,,,,,,,,,,,,,,,,,1.0,contact,True
industry_enrichment_Travel_and_Tourism,,,,,,,,,,,,,,,,,,1.0,contact,True
industry_enrichment_Utilities_Water_Electricity_Gas_,,,,,,,,,,,,,,,,,,1.0,contact,True
industry_enrichment_Venture_Capital_and_Private_Equity,,,,,,,,,,,,,,,,,,1.0,contact,True
industry_enrichment_Wellness_and_Fitness,,,,,,,,,,,,,,,,,,1.0,contact,True
location__NA_,,,,,,,,,,,,,,,,,,3.0,contact,True
location__austria,,,,,,,,,,,,,,,,,,3.0,contact,True
location__belgium,,,,,,,,,,,,,,,,,,3.0,contact,True
location__czechia,,,,,,,,,,,,,,,,,,3.0,contact,True
location__denmark,,,,,,,,,,,,,,,,,,3.0,contact,True
location__france,,,,,,,,,,,,,,,,,,3.0,contact,True
location__germany,,,,,,,,,,,,,,,,,,3.0,contact,True
location__iran_islamic_republic_of,,,,,,,,,,,,,,,,,,3.0,contact,True
location__ireland,,,,,,,,,,,,,,,,,,3.0,contact,True
location__israel,,,,,,,,,,,,,,,,,,3.0,contact,True
location__italy,262.0,0.0,0.0,57237.0,float64,2.0,0,0.000419309,0.020472926,0,1,numerical,0.919989339,0.357582208,Yes,,,3.0,contact,True
location__luxembourg,,,,,,,,,,,,,,,,,,3.0,contact,True
location__morocco,,,,,,,,,,,,,,,,,,3.0,contact,True
location__netherlands,,,,,,,,,,,,,,,,,,3.0,contact,True
location__san_marino,,,,,,,,,,,,,,,,,,3.0,contact,True
location__singapore,,,,,,,,,,,,,,,,,,3.0,contact,True
location__spain,,,,,,,,,,,,,,,,,,3.0,contact,True
location__switzerland,263.0,0.0,0.0,57237.0,float64,2.0,0,1.75e-05,0.004179858,0,1,numerical,0.187752972,0.851070969,Yes,,,3.0,contact,True
location_abruzzi_italy,,,,,,,,,,,,,,,,,,3.0,contact,True
location_abruzzo_italy,264.0,0.0,0.0,57237.0,float64,2.0,0,8.74e-05,0.009346121,0,1,numerical,-4.512832661,6.41e-06,No,,,3.0,contact,True
location_abruzzo_switzerland,,,,,,,,,,,,,,,,,,3.0,contact,True
location_basilicata_italy,,,,,,,,,,,,,,,,,,3.0,contact,True
location_calabria_brazil,,,,,,,,,,,,,,,,,,3.0,contact,True
location_calabria_italy,265.0,0.0,0.0,57237.0,float64,2.0,0,0.000314482,0.017731003,0,1,numerical,-5.703985387,1.18e-08,No,,,3.0,contact,True
location_campania_italy,266.0,0.0,0.0,57237.0,float64,2.0,0,0.000698849,0.026426738,0,1,numerical,-6.66368715,2.69e-11,No,,,3.0,contact,True
location_campania_romania,,,,,,,,,,,,,,,,,,3.0,contact,True
location_catalonia_spain,,,,,,,,,,,,,,,,,,3.0,contact,True
location_emilia_romagna_italy,,,,,,,,,,,,,,,,,,3.0,contact,True
location_emilia_romagna_san_marino,,,,,,,,,,,,,,,,,,3.0,contact,True
location_emiliaromagna_italy,269.0,0.0,0.0,57237.0,float64,2.0,0,8.74e-05,0.009346121,0,1,numerical,0.419843596,0.674601291,Yes,,,3.0,contact,True
location_estero_albania,,,,,,,,,,,,,,,,,,3.0,contact,True
location_estero_bolivia_plurinational_state_of,,,,,,,,,,,,,,,,,,3.0,contact,True
location_estero_brazil,,,,,,,,,,,,,,,,,,3.0,contact,True
location_estero_cameroon,,,,,,,,,,,,,,,,,,3.0,contact,True
location_estero_canada,,,,,,,,,,,,,,,,,,3.0,contact,True
location_estero_colombia,,,,,,,,,,,,,,,,,,3.0,contact,True
location_estero_ecuador,,,,,,,,,,,,,,,,,,3.0,contact,True
location_estero_germany,,,,,,,,,,,,,,,,,,3.0,contact,True
location_estero_italy,,,,,,,,,,,,,,,,,,3.0,contact,True
location_estero_mexico,270.0,0.0,0.0,57237.0,float64,2.0,0,1.75e-05,0.004179858,0,1,numerical,-5.32737632,1e-07,No,,,3.0,contact,True
location_estero_portugal,,,,,,,,,,,,,,,,,,3.0,contact,True
location_estero_san_marino,,,,,,,,,,,,,,,,,,3.0,contact,True
location_estero_slovakia,,,,,,,,,,,,,,,,,,3.0,contact,True
location_estero_switzerland,271.0,0.0,0.0,57237.0,float64,2.0,0,1.75e-05,0.004179858,0,1,numerical,-5.32737632,1e-07,No,,,3.0,contact,True
location_estero_united_kingdom,,,,,,,,,,,,,,,,,,3.0,contact,True
location_estero_united_states,,,,,,,,,,,,,,,,,,3.0,contact,True
location_estero_uruguay,,,,,,,,,,,,,,,,,,3.0,contact,True
location_friuli_venezia_giulia_colombia,,,,,,,,,,,,,,,,,,3.0,contact,True
location_friuli_venezia_giulia_italy,,,,,,,,,,,,,,,,,,3.0,contact,True
location_friuli_venezia_giulia_jamaica,,,,,,,,,,,,,,,,,,3.0,contact,True
location_friuli_venezia_giulia_spain,,,,,,,,,,,,,,,,,,3.0,contact,True
location_latium_italy,273.0,0.0,0.0,57237.0,float64,2.0,0,0.000401838,0.020042044,0,1,numerical,-0.249325344,0.803110023,Yes,,,3.0,contact,True
location_latium_spain,,,,,,,,,,,,,,,,,,3.0,contact,True
location_lazio_italy,274.0,0.0,0.0,57237.0,float64,2.0,0,0.000908503,0.030127956,0,1,numerical,-14.73771624,4.54e-49,No,,,3.0,contact,True
location_lazio_moldova_republic_of,,,,,,,,,,,,,,,,,,3.0,contact,True
location_lazio_romania,,,,,,,,,,,,,,,,,,3.0,contact,True
location_liguria_italy,275.0,0.0,0.0,57237.0,float64,2.0,0,0.000104827,0.010238073,0,1,numerical,-6.295563863,3.08e-10,No,,,3.0,contact,True
location_liguria_monaco,,,,,,,,,,,,,,,,,,3.0,contact,True
location_lombardia_brazil,,,,,,,,,,,,,,,,,,3.0,contact,True
location_lombardia_colombia,,,,,,,,,,,,,,,,,,3.0,contact,True
location_lombardia_ecuador,,,,,,,,,,,,,,,,,,3.0,contact,True
location_lombardia_france,,,,,,,,,,,,,,,,,,3.0,contact,True
location_lombardia_italy,276.0,0.0,0.0,57237.0,float64,2.0,0,0.001380226,0.037126071,0,1,numerical,-22.01211753,6.14e-107,No,,,3.0,contact,True
location_lombardia_romania,,,,,,,,,,,,,,,,,,3.0,contact,True
location_lombardia_switzerland,,,,,,,,,,,,,,,,,,3.0,contact,True
location_lombardia_united_kingdom,,,,,,,,,,,,,,,,,,3.0,contact,True
location_lombardy_italy,277.0,0.0,0.0,57237.0,float64,2.0,0,0.000227126,0.015069114,0,1,numerical,0.677026444,0.498391913,Yes,,,3.0,contact,True
location_marche_italy,278.0,0.0,0.0,57237.0,float64,2.0,0,0.000209655,0.014478063,0,1,numerical,-4.125713162,3.7e-05,No,,,3.0,contact,True
location_molise_italy,279.0,0.0,0.0,57237.0,float64,2.0,0,0.000122299,0.011058286,0,1,numerical,-1.587394499,0.112428848,Yes,,,3.0,contact,True
location_piedmont_italy,280.0,0.0,0.0,57237.0,float64,2.0,0,0.000349424,0.018689792,0,1,numerical,-4.093322424,4.26e-05,No,,,3.0,contact,True
location_piemonte_italy,281.0,0.0,0.0,57237.0,float64,2.0,0,0.000419309,0.020472926,0,1,numerical,-11.47620371,1.88e-30,No,,,3.0,contact,True
location_puglia_italy,282.0,0.0,0.0,57237.0,float64,2.0,0,0.000122299,0.011058286,0,1,numerical,-5.757292165,8.59e-09,No,,,3.0,contact,True
location_quebec_italy,283.0,0.0,0.0,57237.0,float64,2.0,0,1.75e-05,0.004179858,0,1,numerical,0.187752972,0.851070969,Yes,,,3.0,contact,True
location_sardegna_italy,,,,,,,,,,,,,,,,,,3.0,contact,True
location_sicilia_italy,284.0,0.0,0.0,57237.0,float64,2.0,0,0.000471723,0.021714248,0,1,numerical,-12.84050419,1.1e-37,No,,,3.0,contact,True
location_sicily_italy,285.0,0.0,0.0,57237.0,float64,2.0,0,0.00013977,0.011821702,0,1,numerical,0.531079219,0.595365945,Yes,,,3.0,contact,True
location_stockholm_county_switzerland,,,,,,,,,,,,,,,,,,3.0,contact,True
location_toscana_italy,286.0,0.0,0.0,57237.0,float64,2.0,0,0.00043678,0.02089491,0,1,numerical,-8.994325746,2.45e-19,No,,,3.0,contact,True
location_toscana_moldova_republic_of,,,,,,,,,,,,,,,,,,3.0,contact,True
location_trentino_alto_adige_italy,,,,,,,,,,,,,,,,,,3.0,contact,True
location_trentino_alto_adige_thailand,,,,,,,,,,,,,,,,,,3.0,contact,True
location_tuscany_italy,288.0,0.0,0.0,57237.0,float64,2.0,0,1.75e-05,0.004179858,0,1,numerical,0.187752972,0.851070969,Yes,,,3.0,contact,True
location_umbria_italy,289.0,0.0,0.0,57237.0,float64,2.0,0,0.000122299,0.011058286,0,1,numerical,-3.671925097,0.000240949,No,,,3.0,contact,True
location_valle_d_aosta_italy,,,,,,,,,,,,,,,,,,3.0,contact,True
location_vaud_italy,,,,,,,,,,,,,,,,,,3.0,contact,True
location_veneto_italy,290.0,0.0,0.0,57237.0,float64,2.0,0,0.000314482,0.017731003,0,1,numerical,-14.82944425,1.17e-49,No,,,3.0,contact,True
location_veneto_japan,,,,,,,,,,,,,,,,,,3.0,contact,True
reason_to_buy_short_Community,301.0,0.0,0.0,57237.0,int64,2.0,0,0.002358614,0.048508682,0,1,numerical,-25.03312391,1.4699999999999999e-137,No,,,3.0,contact,True
reason_to_buy_short_Environment,297.0,0.0,0.0,57237.0,int64,2.0,0,0.001519996,0.038957823,0,1,numerical,-17.22267903,2.64e-66,No,,,3.0,contact,True
reason_to_buy_short_Location,292.0,0.0,0.0,57237.0,int64,2.0,0,0.000349424,0.018689792,0,1,numerical,-11.50478223,1.35e-30,No,,,3.0,contact,True
reason_to_buy_short_Flexibility,295.0,0.0,0.0,57237.0,int64,2.0,0,0.002131488,0.046119218,0,1,numerical,-26.06190156,7.33e-149,No,,,3.0,contact,True
reason_to_buy_short_Other,293.0,0.0,0.0,57237.0,int64,2.0,0,0.000454252,0.021308524,0,1,numerical,-13.12271274,2.78e-39,No,,,3.0,contact,True
reason_to_buy_short_Career_Opportunities,,,,,,,,,,,,,,,,,,3.0,contact,True
reason_to_buy_short_Class_Size,,,,,,,,,,,,,,,,,,3.0,contact,True
reason_to_buy_short_Post_course_Support,,,,,,,,,,,,,,,,,,3.0,contact,True
reason_to_buy_short_Price,302.0,0.0,0.0,57237.0,int64,2.0,0,0.000908503,0.030127956,0,1,numerical,-17.04785631,5.25e-65,No,,,3.0,contact,True
reason_to_buy_short_Language,291.0,0.0,0.0,57237.0,int64,2.0,0,0.000244597,0.015637822,0,1,numerical,-9.621748875,6.72e-22,No,,,3.0,contact,True
reason_to_buy_short_Learning_Methodology,,,,,,,,,,,,,,,,,,3.0,contact,True
reason_to_buy_short_Professors,300.0,0.0,0.0,57237.0,int64,2.0,0,0.001712179,0.041343409,0,1,numerical,-21.07658905,3.09e-98,No,,,3.0,contact,True
candidate_s_needs_Change_within_the_same_professional_field,,,,,,,,,,,,,,,,,,2.0,contact,True
candidate_s_needs_Skill_structuring,,,,,,,,,,,,,,,,,,2.0,contact,True
candidate_s_needs_Change_of_professional_field,,,,,,,,,,,,,,,,,,2.0,contact,True
candidate_s_needs_Basics_of_career_development,,,,,,,,,,,,,,,,,,2.0,contact,True
candidate_s_needs_Other,303.0,0.0,0.0,57237.0,int64,2.0,0,0.000244597,0.015637822,0,1,numerical,-0.771211929,0.440584508,Yes,,,2.0,contact,True
candidate_s_needs_Networking,306.0,0.0,0.0,57237.0,int64,2.0,0,0.008263885,0.090530308,0,1,numerical,-18.87006458,3.5e-79,No,,,2.0,contact,True
candidate_s_needs_Acquisition_of_new_skills,,,,,,,,,,,,,,,,,,2.0,contact,True
source_of_awareness_playbook_external_partners,317.0,0.0,0.0,57237.0,int64,2.0,0,0.0011531,0.033938043,0,1,numerical,-5.2659832,1.4e-07,No,,,2.0,interaction ,True
source_of_awareness_playbook_word_of_mouth,310.0,0.0,0.0,57237.0,int64,2.0,0,0.009574226,0.097379291,0,1,numerical,-23.62530654,8.23e-123,No,,,2.0,interaction ,True
source_of_awareness_playbook_facebook,311.0,0.0,0.0,57237.0,int64,2.0,0,0.003668955,0.060461211,0,1,numerical,-6.043415681,1.52e-09,No,,,2.0,interaction ,True
source_of_awareness_playbook_tiktok,318.0,0.0,0.0,57237.0,int64,2.0,0,6.99e-05,0.008359498,0,1,numerical,-2.381579027,0.01724184,No,,,2.0,interaction ,True
source_of_awareness_playbook_event,312.0,0.0,0.0,57237.0,int64,2.0,0,0.000821147,0.028644148,0,1,numerical,-7.566640879,3.89e-14,No,,,2.0,interaction ,True
source_of_awareness_playbook_linkedin,316.0,0.0,0.0,57237.0,int64,2.0,0,0.004193092,0.06461875,0,1,numerical,-10.29119054,8.12e-25,No,,,2.0,interaction ,True
source_of_awareness_playbook_google,315.0,0.0,0.0,57237.0,int64,2.0,0,0.009993536,0.099467772,0,1,numerical,-18.94814948,8.04e-80,No,,,2.0,interaction ,True
source_of_awareness_playbook_instagram,314.0,0.0,0.0,57237.0,int64,2.0,0,0.01637053,0.126896874,0,1,numerical,-18.04851092,1.29e-72,No,,,2.0,interaction ,True
source_of_awareness_playbook_others,313.0,0.0,0.0,57237.0,int64,2.0,0,0.001886891,0.043397741,0,1,numerical,-6.546447842,5.94e-11,No,,,2.0,interaction ,True
time_since_hs_email_last_open_date,319.0,52415.0,0.92,4822.0,float64,6.0,0,0.886146827,1.593162025,0,5,numerical,,,No,,,,interaction ,False
time_since_hs_email_last_click_date,320.0,53991.0,0.94,3246.0,float64,6.0,0,1.422057917,1.745942305,0,5,numerical,,,No,,,,interaction ,False
time_since_hs_sales_email_last_replied,321.0,56377.0,0.98,860.0,float64,6.0,0,1.147674419,1.470804484,0,5,numerical,,,No,,,,interaction ,False
time_since_hs_sales_email_last_clicked,322.0,56508.0,0.99,729.0,float64,6.0,0,1.334705075,1.540805752,0,5,numerical,,,No,,,,interaction ,False
time_since_hs_sales_email_last_opened,323.0,56057.0,0.98,1180.0,float64,6.0,0,1.124576271,1.510687762,0,5,numerical,,,No,,,,interaction ,False
time_since_hs_last_sales_activity_date,324.0,54358.0,0.95,2879.0,float64,1.0,1,1.0,0.0,1,1,numerical,,,No,,,,interaction ,False
average_recency_score,325.0,0.0,0.0,57237.0,float64,22.0,0,0.263029159,1.33311191,0,21,numerical,-7.772602571,7.82e-15,No,,,1.0,interaction ,True
industry_popularity,327.0,54250.0,0.95,2987.0,float64,8.0,0.005464481,0.039193518,0.044914801,0.005464481,0.142076503,numerical,,,No,,,2.0,contact,False
industry_popularity_all,328.0,53358.0,0.93,3879.0,float64,53.0,0.107501933,0.027882436,0.033201016,0.000257798,0.107501933,numerical,,,No,,,2.0,contact,False
start_date,35.0,0.0,0.0,57237.0,datetime64[ns],99.0,10/07/2023 00:00,,,,,date,,,,,,1.0,class,False
field_of_study_popularity,329.0,342.0,0.01,56895.0,float64,13.0,0.889687019,0.832062636,0.218060421,0.000513084,0.889687019,numerical,,,No,,,2.0,contact,False
brand_awareness,45.0,56888.0,0.99,349.0,string,2.0,Yes,,,,,categorical,,,,,,3.0,contact,False
interview_cancelled,52.0,47396.0,0.83,9841.0,float64,1.0,0,0.0,0.0,0,0,numerical,,,No,,,,interaction ,False
feat_init_current_job,73.0,51898.0,0.91,5339.0,string,2873.0,Project Manager,,,,,categorical,,,,,,1.0,contact,False
current_position_job_type__NA>,98.0,0.0,0.0,57237.0,float64,2.0,1,0.906651292,0.290923023,0,1,numerical,3.332585978,0.000860974,No,,,1.0,contact,True
previous_position_job_type__NA>,101.0,0.0,0.0,57237.0,float64,2.0,1,0.902580499,0.296530738,0,1,numerical,2.808239404,0.004983004,No,,,1.0,contact,True
type_Full Time,107.0,0.0,0.0,57237.0,float64,2.0,0,0.271327987,0.444648811,0,1,numerical,9.431283859,4.2e-21,No,,,1.0,class,True
type_Part Time,109.0,0.0,0.0,57237.0,float64,2.0,1,0.583259081,0.493023501,0,1,numerical,3.44891137,0.000563256,No,,,1.0,class,True
current_company_location__NA>,110.0,0.0,0.0,57237.0,float64,2.0,1,0.944319234,0.229306208,0,1,numerical,3.66675352,0.000245872,No,,,1.0,contact,True
current_company_location_united states,113.0,0.0,0.0,57237.0,float64,2.0,0,0.00459493,0.067630588,0,1,numerical,0.325618837,0.744713949,Yes,,,1.0,contact,True
hs_last_sales_activity_type__NA>,115.0,0.0,0.0,57237.0,float64,2.0,1,0.949962437,0.218024393,0,1,numerical,11.48006782,1.79e-30,No,,,1.0,interaction ,True
hs_sa_first_engagement_object_type__NA>,121.0,0.0,0.0,57237.0,float64,2.0,1,0.977601901,0.147975697,0,1,numerical,8.469607652,2.52e-17,No,,,1.0,interaction ,True
hs_predictivescoringtier_0,127.0,0.0,0.0,57237.0,float64,2.0,1,0.902580499,0.296530738,0,1,numerical,2.808239404,0.004983004,No,,,1.0,interaction ,True
hs_predictivescoringtier_1,128.0,0.0,0.0,57237.0,float64,2.0,0,0.047416881,0.212530725,0,1,numerical,9.704236156,3.01e-22,No,,,1.0,interaction ,True
hs_predictivescoringtier_2,129.0,0.0,0.0,57237.0,float64,2.0,0,0.018799029,0.135815858,0,1,numerical,5.709965628,1.14e-08,No,,,1.0,interaction ,True
hs_predictivescoringtier_3,130.0,0.0,0.0,57237.0,float64,2.0,0,0.012194909,0.109756109,0,1,numerical,4.9919416,6e-07,No,,,1.0,interaction ,True
hs_predictivescoringtier_4,131.0,0.0,0.0,57237.0,float64,2.0,0,0.008403655,0.091286248,0,1,numerical,4.135736442,3.54e-05,No,,,1.0,interaction ,True
hs_predictivescoringtier_5,132.0,0.0,0.0,57237.0,float64,2.0,0,0.010605028,0.1024341,0,1,numerical,-45.65742291,0.0,No,,,1.0,interaction ,True
vertical_name_Career DHR,133.0,0.0,0.0,57237.0,float64,2.0,0,0.10243374,0.303220507,0,1,numerical,-11.82263227,3.25e-32,No,,,1.0,contact,True
vertical_name_Deep Cybersecurity,135.0,0.0,0.0,57237.0,float64,2.0,0,0.101053514,0.301402204,0,1,numerical,9.715578662,2.69e-22,No,,,1.0,contact,True
vertical_name_Digital Marketing,137.0,0.0,0.0,57237.0,float64,2.0,0,0.174502507,0.379544331,0,1,numerical,1.160143472,0.245995237,Yes,,,1.0,contact,True
vertical_name_Digital Product Management,138.0,0.0,0.0,57237.0,float64,2.0,0,0.004228034,0.064886297,0,1,numerical,-60.35441232,0.0,No,,,1.0,contact,True
vertical_name_GEDI DT,139.0,0.0,0.0,57237.0,float64,2.0,0,0.311267187,0.463015843,0,1,numerical,13.94388541,4.05e-44,No,,,1.0,contact,True
hs_analytics_source__NA>,140.0,0.0,0.0,57237.0,float64,2.0,1,0.902580499,0.296530738,0,1,numerical,2.808239404,0.004983004,No,,,1.0,interaction ,True
hs_latest_source__NA>,150.0,0.0,0.0,57237.0,float64,2.0,1,0.902580499,0.296530738,0,1,numerical,2.808239404,0.004983004,No,,,1.0,interaction ,True
deal_cooking_state_4,163.0,0.0,0.0,57237.0,float64,2.0,0,0.011897898,0.108427596,0,1,numerical,1.953243305,0.050795638,Yes,,,2.0,interaction ,True
deal_cooking_state__NA>,164.0,0.0,0.0,57237.0,float64,2.0,1,0.509967329,0.499905009,0,1,numerical,-20.03573463,5.44e-89,No,,,2.0,interaction ,True
industry_enrichment_3D Printing,165.0,0.0,0.0,57237.0,float64,2.0,0,5.24e-05,0.007239601,0,1,numerical,0.325203568,0.745028197,Yes,,,1.0,contact,True
industry_enrichment__NA>,166.0,0.0,0.0,57237.0,float64,2.0,1,0.911910128,0.283428033,0,1,numerical,3.929086602,8.54e-05,No,,,1.0,contact,True
industry_enrichment_Accounting and Finance,167.0,0.0,0.0,57237.0,float64,2.0,0,3.49e-05,0.005911161,0,1,numerical,0.2655252,0.790605856,Yes,,,1.0,contact,True
industry_enrichment_Advertising and Marketing,168.0,0.0,0.0,57237.0,float64,2.0,0,8.74e-05,0.009346121,0,1,numerical,0.419843596,0.674601291,Yes,,,1.0,contact,True
industry_enrichment_Aerospace and Aviation,169.0,0.0,0.0,57237.0,float64,2.0,0,0.000209655,0.014478063,0,1,numerical,-2.533389344,0.011299186,No,,,1.0,contact,True
industry_enrichment_Aerospace and Defense,170.0,0.0,0.0,57237.0,float64,2.0,0,0.000314482,0.017731003,0,1,numerical,-0.503124904,0.614878395,Yes,,,1.0,contact,True
"industry_enrichment_Aerospace and Defense
",171.0,0.0,0.0,57237.0,float64,2.0,0,1.75e-05,0.004179858,0,1,numerical,0.187752972,0.851070969,Yes,,,1.0,contact,True
industry_enrichment_Agriculture Technology (AgTech),172.0,0.0,0.0,57237.0,float64,2.0,0,0.000157241,0.012538699,0,1,numerical,0.563299671,0.573233049,Yes,,,1.0,contact,True
industry_enrichment_Agriculture and Farming,173.0,0.0,0.0,57237.0,float64,2.0,0,0.000646435,0.025417089,0,1,numerical,-0.671086527,0.502168117,Yes,,,1.0,contact,True
industry_enrichment_Architecture and Engineering,174.0,0.0,0.0,57237.0,float64,2.0,0,0.001554938,0.03940238,0,1,numerical,-1.151954667,0.249344514,Yes,,,1.0,contact,True
industry_enrichment_Artificial Intelligence and Machine Learning,175.0,0.0,0.0,57237.0,float64,2.0,0,0.000262068,0.016186542,0,1,numerical,-0.696583576,0.486066266,Yes,,,1.0,contact,True
industry_enrichment_Arts and Crafts,176.0,0.0,0.0,57237.0,float64,2.0,0,1.75e-05,0.004179858,0,1,numerical,0.187752972,0.851070969,Yes,,,1.0,contact,True
industry_enrichment_Augmented Reality (AR) and Virtual Reality (VR),177.0,0.0,0.0,57237.0,float64,2.0,0,8.74e-05,0.009346121,0,1,numerical,0.419843596,0.674601291,Yes,,,1.0,contact,True
industry_enrichment_Banking and Finance,179.0,0.0,0.0,57237.0,float64,2.0,0,0.003459301,0.058714515,0,1,numerical,-0.886258926,0.37548174,Yes,,,1.0,contact,True
industry_enrichment_Construction and Real Estate,183.0,0.0,0.0,57237.0,float64,2.0,0,0.001519996,0.038957823,0,1,numerical,1.160986441,0.245652255,Yes,,,1.0,contact,True
industry_enrichment_Consumer Goods,185.0,0.0,0.0,57237.0,float64,2.0,0,0.002533326,0.050268805,0,1,numerical,-1.404122352,0.160287845,Yes,,,1.0,contact,True
industry_enrichment_Cryptocurrency and Blockchain,187.0,0.0,0.0,57237.0,float64,2.0,0,0.000122299,0.011058286,0,1,numerical,0.496774628,0.619349897,Yes,,,1.0,contact,True
industry_enrichment_Customer Service Ambassador,188.0,0.0,0.0,57237.0,float64,2.0,0,3.49e-05,0.005911161,0,1,numerical,0.2655252,0.790605856,Yes,,,1.0,contact,True
industry_enrichment_Design and Creative Services,190.0,0.0,0.0,57237.0,float64,2.0,0,8.74e-05,0.009346121,0,1,numerical,0.419843596,0.674601291,Yes,,,1.0,contact,True
industry_enrichment_Design and User Experience,191.0,0.0,0.0,57237.0,float64,2.0,0,1.75e-05,0.004179858,0,1,numerical,0.187752972,0.851070969,Yes,,,1.0,contact,True
industry_enrichment_E-commerce,192.0,0.0,0.0,57237.0,float64,2.0,0,0.001659766,0.040706752,0,1,numerical,-0.433186957,0.664880586,Yes,,,1.0,contact,True
industry_enrichment_Education and E-Learning,194.0,0.0,0.0,57237.0,float64,2.0,0,0.002131488,0.046119218,0,1,numerical,-0.422632922,0.672564691,Yes,,,1.0,contact,True
"industry_enrichment_Energy (including Oil and Gas, Renewable Energy)",197.0,0.0,0.0,57237.0,float64,2.0,0,0.000227126,0.015069114,0,1,numerical,-2.38192586,0.017225612,No,,,1.0,contact,True
industry_enrichment_Entertainment and Media,198.0,0.0,0.0,57237.0,float64,2.0,0,0.004717228,0.068520494,0,1,numerical,0.401562716,0.688007373,Yes,,,1.0,contact,True
industry_enrichment_Environmental Services,199.0,0.0,0.0,57237.0,float64,2.0,0,0.001030802,0.03208983,0,1,numerical,-0.711716676,0.47664314,Yes,,,1.0,contact,True
industry_enrichment_Event Management,200.0,0.0,0.0,57237.0,float64,2.0,0,6.99e-05,0.008359498,0,1,numerical,0.375516132,0.707278043,Yes,,,1.0,contact,True
industry_enrichment_Exhibition and Event Services,201.0,0.0,0.0,57237.0,float64,2.0,0,1.75e-05,0.004179858,0,1,numerical,0.187752972,0.851070969,Yes,,,1.0,contact,True
industry_enrichment_Fashion and Apparel,202.0,0.0,0.0,57237.0,float64,2.0,0,0.002742981,0.052302053,0,1,numerical,1.91516041,0.055477028,Yes,,,1.0,contact,True
industry_enrichment_Food and Beverage,203.0,0.0,0.0,57237.0,float64,2.0,0,0.00186942,0.043196736,0,1,numerical,-1.790858145,0.073321344,Yes,,,1.0,contact,True
industry_enrichment_Furniture Manufacturing,204.0,0.0,0.0,57237.0,float64,2.0,0,1.75e-05,0.004179858,0,1,numerical,0.187752972,0.851070969,Yes,,,1.0,contact,True
industry_enrichment_Gambling and Betting Activities,205.0,0.0,0.0,57237.0,float64,2.0,0,1.75e-05,0.004179858,0,1,numerical,0.187752972,0.851070969,Yes,,,1.0,contact,True
industry_enrichment_Government and Public Administration,207.0,0.0,0.0,57237.0,float64,2.0,0,0.001222985,0.034950118,0,1,numerical,0.252953812,0.800304814,Yes,,,1.0,contact,True
"industry_enrichment_Graphic Design Artist's industry can be aligned with various sectors, but without specific context, the most applicable general industry would be:

Marketing and Advertising",208.0,0.0,0.0,57237.0,float64,2.0,0,1.75e-05,0.004179858,0,1,numerical,0.187752972,0.851070969,Yes,,,1.0,contact,True
industry_enrichment_Healthcare and Medical Devices,209.0,0.0,0.0,57237.0,float64,2.0,0,0.00043678,0.02089491,0,1,numerical,-1.267042426,0.205145276,Yes,,,1.0,contact,True
industry_enrichment_Healthcare and Pharmaceuticals,210.0,0.0,0.0,57237.0,float64,2.0,0,0.002708039,0.051968762,0,1,numerical,0.56675033,0.570886043,Yes,,,1.0,contact,True
industry_enrichment_Hospitality and Tourism,211.0,0.0,0.0,57237.0,float64,2.0,0,0.003511714,0.059156094,0,1,numerical,-0.060647743,0.951639962,Yes,,,1.0,contact,True
industry_enrichment_Human Resources and Staffing,212.0,0.0,0.0,57237.0,float64,2.0,0,0.003074934,0.05536725,0,1,numerical,-2.084252669,0.037141613,No,,,1.0,contact,True
"industry_enrichment_I'm sorry, but the information provided does not give enough context or specific details to determine the industry accurately. Could you please provide more specific details about the job responsibilities or the sector they worked in?",213.0,0.0,0.0,57237.0,float64,2.0,0,1.75e-05,0.004179858,0,1,numerical,0.187752972,0.851070969,Yes,,,1.0,contact,True
industry_enrichment_Information Technology (IT),214.0,0.0,0.0,57237.0,float64,2.0,0,0.01306847,0.113568966,0,1,numerical,-4.775884251,1.79e-06,No,,,1.0,contact,True
industry_enrichment_Interior Design,216.0,0.0,0.0,57237.0,float64,2.0,0,1.75e-05,0.004179858,0,1,numerical,0.187752972,0.851070969,Yes,,,1.0,contact,True
industry_enrichment_International Trade and Development,217.0,0.0,0.0,57237.0,float64,2.0,0,6.99e-05,0.008359498,0,1,numerical,0.375516132,0.707278043,Yes,,,1.0,contact,True
industry_enrichment_Internet of Things (IoT),218.0,0.0,0.0,57237.0,float64,2.0,0,1.75e-05,0.004179858,0,1,numerical,0.187752972,0.851070969,Yes,,,1.0,contact,True
industry_enrichment_Language Services,219.0,0.0,0.0,57237.0,float64,2.0,0,5.24e-05,0.007239601,0,1,numerical,0.325203568,0.745028197,Yes,,,1.0,contact,True
industry_enrichment_Legal Services,220.0,0.0,0.0,57237.0,float64,2.0,0,0.001502525,0.038733619,0,1,numerical,-1.232629588,0.217719056,Yes,,,1.0,contact,True
industry_enrichment_Luxury Goods,221.0,0.0,0.0,57237.0,float64,2.0,0,6.99e-05,0.008359498,0,1,numerical,0.375516132,0.707278043,Yes,,,1.0,contact,True
industry_enrichment_Luxury Goods and Jewelry,222.0,0.0,0.0,57237.0,float64,2.0,0,5.24e-05,0.007239601,0,1,numerical,0.325203568,0.745028197,Yes,,,1.0,contact,True
industry_enrichment_Marine and Boat Services,224.0,0.0,0.0,57237.0,float64,2.0,0,5.24e-05,0.007239601,0,1,numerical,-2.858455411,0.004258626,No,,,1.0,contact,True
industry_enrichment_Maritime and Naval,225.0,0.0,0.0,57237.0,float64,2.0,0,1.75e-05,0.004179858,0,1,numerical,0.187752972,0.851070969,Yes,,,1.0,contact,True
industry_enrichment_Marketing and Advertising,226.0,0.0,0.0,57237.0,float64,2.0,0,0.010150777,0.100239283,0,1,numerical,-2.348999599,0.018827308,No,,,1.0,contact,True
industry_enrichment_Media and Advertising,227.0,0.0,0.0,57237.0,float64,2.0,0,1.75e-05,0.004179858,0,1,numerical,0.187752972,0.851070969,Yes,,,1.0,contact,True
industry_enrichment_Mining and Metals,228.0,0.0,0.0,57237.0,float64,2.0,0,1.75e-05,0.004179858,0,1,numerical,0.187752972,0.851070969,Yes,,,1.0,contact,True
industry_enrichment_Nonprofit and Philanthropy,230.0,0.0,0.0,57237.0,float64,2.0,0,0.001799535,0.042383114,0,1,numerical,0.819635963,0.412427079,Yes,,,1.0,contact,True
industry_enrichment_Oil and Gas,231.0,0.0,0.0,57237.0,float64,2.0,0,3.49e-05,0.005911161,0,1,numerical,0.2655252,0.790605856,Yes,,,1.0,contact,True
industry_enrichment_Packaging and Container Manufacturing,232.0,0.0,0.0,57237.0,float64,2.0,0,5.24e-05,0.007239601,0,1,numerical,-2.858455411,0.004258626,No,,,1.0,contact,True
industry_enrichment_Packaging and Containers,233.0,0.0,0.0,57237.0,float64,2.0,0,5.24e-05,0.007239601,0,1,numerical,0.325203568,0.745028197,Yes,,,1.0,contact,True
industry_enrichment_Paper and Forest Products,234.0,0.0,0.0,57237.0,float64,2.0,0,1.75e-05,0.004179858,0,1,numerical,0.187752972,0.851070969,Yes,,,1.0,contact,True
industry_enrichment_Pharmaceuticals and Biomedical Research,235.0,0.0,0.0,57237.0,float64,2.0,0,0.000594021,0.024365526,0,1,numerical,-0.796676753,0.425642093,Yes,,,1.0,contact,True
industry_enrichment_Real Estate,238.0,0.0,0.0,57237.0,float64,2.0,0,0.00043678,0.02089491,0,1,numerical,0.938968683,0.347750786,Yes,,,1.0,contact,True
industry_enrichment_Real Estate and Construction,239.0,0.0,0.0,57237.0,float64,2.0,0,8.74e-05,0.009346121,0,1,numerical,0.419843596,0.674601291,Yes,,,1.0,contact,True
industry_enrichment_Renewable Energy,240.0,0.0,0.0,57237.0,float64,2.0,0,3.49e-05,0.005911161,0,1,numerical,0.2655252,0.790605856,Yes,,,1.0,contact,True
industry_enrichment_Research and Development,241.0,0.0,0.0,57237.0,float64,2.0,0,0.000821147,0.028644148,0,1,numerical,-1.126111017,0.260123253,Yes,,,1.0,contact,True
industry_enrichment_Security Services,243.0,0.0,0.0,57237.0,float64,2.0,0,8.74e-05,0.009346121,0,1,numerical,0.419843596,0.674601291,Yes,,,1.0,contact,True
industry_enrichment_Social Media,246.0,0.0,0.0,57237.0,float64,2.0,0,1.75e-05,0.004179858,0,1,numerical,0.187752972,0.851070969,Yes,,,1.0,contact,True
industry_enrichment_Social Services,247.0,0.0,0.0,57237.0,float64,2.0,0,0.000314482,0.017731003,0,1,numerical,0.796690892,0.42563388,Yes,,,1.0,contact,True
industry_enrichment_Space Exploration,248.0,0.0,0.0,57237.0,float64,2.0,0,0.000227126,0.015069114,0,1,numerical,-0.852397449,0.393997102,Yes,,,1.0,contact,True
industry_enrichment_Sports and Recreation,249.0,0.0,0.0,57237.0,float64,2.0,0,0.000646435,0.025417089,0,1,numerical,1.142428746,0.253280627,Yes,,,1.0,contact,True
industry_enrichment_Textiles and Apparel,251.0,0.0,0.0,57237.0,float64,2.0,0,1.75e-05,0.004179858,0,1,numerical,0.187752972,0.851070969,Yes,,,1.0,contact,True
industry_enrichment_Tourism and Hospitality,253.0,0.0,0.0,57237.0,float64,2.0,0,6.99e-05,0.008359498,0,1,numerical,0.375516132,0.707278043,Yes,,,1.0,contact,True
industry_enrichment_Toys and Games,254.0,0.0,0.0,57237.0,float64,2.0,0,5.24e-05,0.007239601,0,1,numerical,0.325203568,0.745028197,Yes,,,1.0,contact,True
industry_enrichment_Transportation and Logistics,255.0,0.0,0.0,57237.0,float64,2.0,0,0.001362755,0.03689067,0,1,numerical,-2.089192047,0.036694844,No,,,1.0,contact,True
industry_enrichment_Travel Photography,256.0,0.0,0.0,57237.0,float64,2.0,0,1.75e-05,0.004179858,0,1,numerical,0.187752972,0.851070969,Yes,,,1.0,contact,True
industry_enrichment_Travel and Tourism,257.0,0.0,0.0,57237.0,float64,2.0,0,0.000104827,0.010238073,0,1,numerical,-1.79123266,0.073261249,Yes,,,1.0,contact,True
"industry_enrichment_Utilities (Water, Electricity, Gas)",258.0,0.0,0.0,57237.0,float64,2.0,0,0.000611493,0.02472103,0,1,numerical,1.111103261,0.266528572,Yes,,,1.0,contact,True
industry_enrichment_Venture Capital and Private Equity,259.0,0.0,0.0,57237.0,float64,2.0,0,6.99e-05,0.008359498,0,1,numerical,0.375516132,0.707278043,Yes,,,1.0,contact,True
industry_enrichment_Wellness and Fitness,260.0,0.0,0.0,57237.0,float64,2.0,0,1.75e-05,0.004179858,0,1,numerical,0.187752972,0.851070969,Yes,,,1.0,contact,True
location__NA>,261.0,0.0,0.0,57237.0,float64,2.0,1,0.991875884,0.089767784,0,1,numerical,36.66610816,6.0900000000000004e-291,No,,,3.0,contact,True
location_emilia-romagna_italy,267.0,0.0,0.0,57237.0,float64,2.0,0,0.000419309,0.020472926,0,1,numerical,-11.47620371,1.88e-30,No,,,3.0,contact,True
location_emilia-romagna_san marino,268.0,0.0,0.0,57237.0,float64,2.0,0,1.75e-05,0.004179858,0,1,numerical,-5.32737632,1e-07,No,,,3.0,contact,True
location_friuli venezia giulia_italy,272.0,0.0,0.0,57237.0,float64,2.0,0,0.000174712,0.013216834,0,1,numerical,-6.383523964,1.74e-10,No,,,3.0,contact,True
location_trentino-alto adige_italy,287.0,0.0,0.0,57237.0,float64,2.0,0,8.74e-05,0.009346121,0,1,numerical,-4.512832661,6.41e-06,No,,,3.0,contact,True
contact_id,0.0,6022.0,0.11,51215.0,Int64,40639.0,98333501,1252211196.0,3582546420.0,4202,21143670380,numerical,,,No,,,,contact,False
deal_id,37.0,0.0,0.0,57237.0,Int64,56193.0,12714593920,15786321686.0,1897899058.0,6838661036,19357972106,numerical,6.331288142,2.45e-10,No,,,,,False
interview_not_needed,49.0,47396.0,0.83,9841.0,Int64,2.0,0,0.00589371,0.076547826,0,1,numerical,,,No,,,,interaction ,False
career_progression,330.0,0.0,0.0,57237.0,int32,2.0,0,0.087024128,0.281872874,0,1,numerical,-3.466320663,0.00052802,No,,,2.0,contact,True
reason_to_buy_short_Career Opportunities,294.0,0.0,0.0,57237.0,int64,2.0,0,0.003965966,0.062851461,0,1,numerical,-32.2912591,1.02e-226,No,,,3.0,contact,True
reason_to_buy_short_Learning Methodology,296.0,0.0,0.0,57237.0,int64,2.0,0,0.00214896,0.04630744,0,1,numerical,-24.4195085,4.99e-131,No,,,3.0,contact,True
reason_to_buy_short_Post-course Support,298.0,0.0,0.0,57237.0,int64,2.0,0,0.00143264,0.037823435,0,1,numerical,-18.46122009,7.04e-76,No,,,3.0,contact,True
reason_to_buy_short_Class Size,299.0,0.0,0.0,57237.0,int64,2.0,0,0.000454252,0.021308524,0,1,numerical,-13.12271274,2.78e-39,No,,,3.0,contact,True
candidate_s_needs_Acquisition of new skills,304.0,0.0,0.0,57237.0,int64,2.0,0,0.033649562,0.180327029,0,1,numerical,-33.60978746,2.990000000000001e-245,No,,,2.0,contact,True
candidate_s_needs_Change of professional field,305.0,0.0,0.0,57237.0,int64,2.0,0,0.008543425,0.092035768,0,1,numerical,-11.62003456,3.5300000000000003e-31,No,,,2.0,contact,True
candidate_s_needs_Change within the same professional field,307.0,0.0,0.0,57237.0,int64,2.0,0,0.003005049,0.054736379,0,1,numerical,-10.17474952,2.6999999999999997e-24,No,,,2.0,contact,True
candidate_s_needs_Skill structuring,308.0,0.0,0.0,57237.0,int64,2.0,0,0.022048675,0.146843139,0,1,numerical,-31.02394861,1.41e-209,No,,,2.0,contact,True
candidate_s_needs_Basics of career development,309.0,0.0,0.0,57237.0,int64,2.0,0,0.009539284,0.097203144,0,1,numerical,-13.87182686,1.1e-43,No,,,2.0,contact,True
dealstage,38.0,0.0,0.0,57237.0,object,7.0,Closed Lost,,,,,categorical,,,,,,,,False
lifecyclestage,8.0,51661.0,0.9,5576.0,string,4.0,marketingqualifiedlead,,,,,categorical,,,,,,,,False
erogation_language,31.0,0.0,0.0,57237.0,string,1.0,italian,,,,,categorical,,,,,,,class,False
company_size_category,326.0,0.0,0.0,57237.0,int64,4.0,-1,-0.788178975,0.812555679,-1,3,numerical,-4.316519172,1.59e-05,No,,,2.0,contact,True
end_date,36.0,0.0,0.0,57237.0,object,93.0,12/16/2023,,,,,categorical,,,,,,1.0,class,True
feat_final_current_job,74.0,0.0,0.0,57237.0,string,2765.0,,,,,,categorical,,,,,,3.0,contact,True
